accuracy,precision_0,recall_0,f1_score_0,precision_1,recall_1,f1_score_1
0.896875,0.9162971175166297,0.8634108122225124,0.8890681726502622,0.88091985428051,0.9275953008870774,0.9036552610066565
