cluster,exam_score,study_hours_per_day,sleep_hours,social_media_hours,netflix_hours,attendance_percentage,wellness_score,academic_engagement,stress_level,screen_time,time_management_score
0,89.1765913255956,4.139808990336935,7.07979963347587,2.465544288332315,1.9720097739767868,69.95683567501527,7.319350030543678,5.4934187106263845,4.990172266340867,9.574973732437385,5.496298106291998
1,89.10444017914267,4.210604528216348,6.952081893793985,2.538884197056942,2.024716570697377,69.97945489443379,6.184472534503245,5.484105719386141,5.03583877159309,9.77572616762636,5.502101087651951
