k,inertia,silhouette_score
2,580557.3398433446,0.04199176545059785
3,568123.1593027653,0.029731904593257502
4,556705.2152399688,0.029516430113923273
5,549648.0980419691,0.027069772816720326
6,540797.3915691462,0.02793525018368773
7,531818.607522915,0.03388016464399226
8,523604.49735821655,0.031084650987369674
9,514301.8266402995,0.03221252084485809
10,514536.8513410093,0.027905705389705035
