MSE,RMSE,R2,CV_R2_mean,CV_R2_std
17.54988628121252,4.189258440489501,0.8703737773004054,0.870199973736686,0.002882251102300909
